Title,Subtitle,Product Description,FilteredSubtitle
Nike Air Force 1 '07,Men's Shoes,"It doesn't get more legendary than this. Designed to turn heads, the Nike Air Force 1 '07 crosses hardwood comfort with off-court flair. Its crisp leather upper looks sleek and fresh, while lustrous Swoosh logos give off an almost iridescent look to add the perfect amount of flash to make you shine. Consider them a slam dunk.",Men's Shoes
Nike Air Max Dawn SE,Men's Shoes,"Find out what moves you with the Air Max Dawn. Rooted to sporty athletics DNA, these kicks combine durable textile and fun branding to bring to life our fictional ""NIKE MOVING CO."". Simple, versatile and cushioned with Nike Air—you can't go wrong starting your day off in these comfy sneakers. So where to next?",Men's Shoes
Nike SB Dunk Low Pro Premium,Skate Shoes,"Pack your style—on your feet. Bringing a fresh twist to the iconic skate shoes, waxed canvas underlays and throwback branding nod to your favourite '90s backpack. Hidden details like the how-to guide on the sockliner remind you to go for it, while suede overlays and gum rubber sole let you transport yourself with A+ style.",Skate Shoes
Nike Air Force 1 Mid '07 LX,Men's Shoes,"The celebrations just keep coming. Unbox the AF-1 for a fireside feel and a whole lotta style. The joyful take on the hoops icon pairs crisp leather with seasonally perfect prints and colours. And don't worry—even if you've been naughty, you're gonna look nice.",Men's Shoes
Nike Air Force 1 Mid '07,Men's Shoes,"Got your fave colour yet? No worries, the Colour of the Month programme lets you feed your need while celebrating a little-known piece of AF-1 history. From pristine materials to the jewelled Swoosh, it delivers coveted colours alongside '80s-inspired construction and nothin'-but-net style. It even comes with a cleaning brush to help keep your sneakers fresh. Oh, and while there○s no need to fly, drive or bus it to Baltimore to get these kicks, we want to shout out the city that helped save the AF-1.",Men's Shoes
Air Jordan 1 Zoom CMFT 2,Men's Shoes,"Premium suede and Jordan Brand's signature Formula 23 foam come together to give you an extra luxurious (and extra cosy) AJ1. You don't need to play ""either or"" when it comes to choosing style or comfort with this one—which is nice, 'cause you deserve both.",Men's Shoes
Nike Air Force 1 '07,Men's Shoes,"The radiance lives on with the b-ball original. Crossing hardwood comfort with off-court flair, it puts a fresh spin on what you know best: era-echoing, '80s construction and nothing-but-net style.",Men's Shoes
Nike Air Force 1 '07 LV8,Men's Shoes,"With an aged aesthetic and classic colours, the AF-1 gets a vintage makeover. Crisp leather with a checked pattern on the Swoosh and heel adds a festive feel for easy styling. Pair it with jeans, joggers or whatever else—the timeless look is the perfect match for any outfit.",Men's Shoes
Air Jordan 1 Retro High OG,Men's Shoes,"3 + 1 = a whole new icon. Celebrating 35 years of the Air Jordan 3, these kicks combine the classic AJ1 silhouette with an original AJ3 colourway. Crafted to the '85 specs, it's got premium leather, a high-top collar and the woven tongue label you know and love. Bold splashes of True Blue throughout (check out the Wings logo) stand out against layers of white and Cement Grey. And the finishing touch? Nike Air cushioning underfoot lets you keep pace, so nothing holds you back from stepping out in style.",Men's Shoes
Nike Air Force 1 '07 LV8,Men's Shoes,"Find out what moves you in our latest AF-1. Crossing hardwood comfort with off-court flair, it brings you a playful story rooted in Nike's history of getting people moving. The textile upper, bungee-cord laces and embroidered details nod to the fictional ""NIKE MOVING CO."". So, where to next?",Men's Shoes
Nike Air Force 1 '07,Men's Shoes,"The radiance lives on in the Nike Air Force 1 '07, the basketball original that puts a fresh spin on what you know best: durably stitched overlays, clean finishes and the perfect amount of flash to make you shine.",Men's Shoes
Nike Air Max 97 OG,Men's Shoes,Push your style full speed ahead with the Nike Air Max 97 OG. Its iconic design takes inspiration from water droplets and Japanese bullet trains. Full-length Nike Air cushioning lets you ride in first-class comfort.,Men's Shoes
Nike Waffle One SE,Men's Shoes,"What moves you? Find out in the Waffle One, which celebrates our history of moving people. Suede accents, durable textile and playful bungee cord details nod to our fictional ""NIKE MOVING CO"". Its Waffle outsole and springy midsole (with classic wedge shape) keep you going. So where to next?",Men's Shoes
Nike E-Series 1.0,Men's Shoes,"Supercharge simplicity with the Nike E-Series 1.0. From the easy-to-style colours to the plush materials, including a padded collar and foam midsole, it's your invitation to get going. And for the finishing touch, the outsole pattern is inspired by zen sand gardens. Go ahead—find your calm place.",Men's Shoes
Nike Air Trainer 1,Men's Shoes,"From the gym to the court and everywhere in between, the famed cross-trainer from '87 lets you travel without a glitch. Design details nod to the original (like the forefoot strap), while premium suede ages to perfection. Oh, and Nike Air cushioning and a mid-cut collar keep you comfortable for today's adventures. So, where to next?",Men's Shoes
Nike Air Penny 2,Men's Shoes,"Flash back to '96 in the Air Penny 2. Bold and unmistakable, it was the first Air Penny to combine Max and Zoom Air technology. Now, the daring design comes wrapped in patent leather, while the signature 1 Cent logo on the side and the wavy design lines keep the coveted off-court appeal strong.",Men's Shoes
Nike Air Max 97 SE,Men's Shoes,"Find out what moves you in the Nike Air Max 97. Our iconic design, originally inspired by Japanese bullet trains, now tells a playful story rooted in our history of moving people. The textile upper, hemp accents and snail-trail stitching nod to our fictional ""NIKE MOVING CO."". And to top it off on the bottom, visible Nike Air cushioning lets you ride in first-class comfort. So, where next?",Men's Shoes
Jordan Why Not .6 x Honor The Gift® PF,Men's Shoes,"Honour your gift. From dunks and dimes to off-court 'fits, the Why Not .6 makes every moment the right one to show off your game. Colours and graphics invite you into the world of Russell Westbrook, paying tribute to his on-court domination and off-court persona. Exposed foam and a mix of tumbled leather and suede boost the vintage vibes. The patchwork insole is emblazoned with classic hoops iconography, while woven mesh on the upper lets you check out the interior tech. Custom tongue labels bring the final stamp of approval—lace up and let your presence be known.",Men's Shoes
Nike Air Zoom Flight 95,Men's Shoes,"Have you ever had déjà shoe? Flash back to one of the first shoes to popularise Zoom Air technology and relive the hoops revolution. With its flowing lines, patent leather accents and futuristic 'bug eye' detailing, the Air Zoom Flight 95 is no dream—it's your ticket to turn heads.",Men's Shoes
Nike Air More Uptempo '96,Men's Shoes,"More than perhaps any other silhouette, the Air More Uptempo encapsulates '90s basketball flavour at its finest. Big and loud, the unapologetic design represents a hybrid of style and innovation that made major waves when it debuted—and still turns heads today. This crafted take keeps it simple and easy to style in classic black and white, while pops of blue add a breath of fresh air. Speaking of air, the graffiti-style AIR graphic (an off-court fave) extends down the midsole for extra punch. Visible Nike Air cushioning finishes it off, giving you the edge in comfort.",Men's Shoes
Jordan Why Not .6 PF,Men's Shoes,"Russell Westbrook's 6th signature shoe is—you guessed it—all about speed. To get you goin' as fast as possible, we've wrapped the rubber outsole nearly up to the midsole, so you're not gonna slip when you explode from 0 to 100. Added security comes from the interior bootie that keeps you strapped in as you jet across the court. It's all held together by an outer shroud and fastened with a zip collar that spells out Russell's signature question: ""Why Not?""",Men's Shoes
Air Jordan 1 Mid,Men's Shoes,"Inspired by the original AJ1, this mid-top edition maintains the iconic look you love while choice colours and crisp leather give it a distinct identity.",Men's Shoes
Air Jordan 1 Mid SE Craft,Men's Shoes,"Reinvent an icon in the AJ1 Craft. The upper is made from canvas and leather for a unique take on the kicks you know and love, while an exposed edge around the collar adds even more texture to your look. And as always, they're made for everyday wear with classic cupsole construction and always-satisfying Air in the sole.",Men's Shoes
Nike Dunk Low Retro Premium,Men's Shoes,"Come, come to the cauldron where vintage hoops style boils and bubbles. Watch shadows creep from beneath the Swoosh. Like eyes peering out from the dark, dark night, the reflective-design upper brings a trick-or-treater shine. Lace up and beware, this basketball icon is sure to bring a little scare.",Men's Shoes
Nike Air Force 1 '07 LV8,Men's Shoes,"Vintage details elevate an icon to bring you timeless style that's easy to wear. Real and synthetic leather give these kicks a classic feel, while layered Swoosh logos and exposed foam on the tongue add a retro look. Of course, some things never change: Nike Air units still cushion your every step.",Men's Shoes
Air Jordan 1 Mid SE,Men's Shoes,Get that Jordan energy on your feet this festive season. Rich grain leather with bright details make this pair shine like festive lights.,Men's Shoes
Nike SB Force 58,Skate Shoes,"The latest and greatest innovation to hit the streets, the Force 58 gives you the durability of a cupsole with the flexibility of vulcanised shoes. Made from canvas and suede and finished with perforations on the toe, the whole look is infused with heritage basketball DNA.",Skate Shoes
Nike SB Blazer Court Mid Premium,Skate Shoes,"With its tonal design and classic materials, the Blazer Court Mid updates the retro hoops vibe for skate. Its reinforced ollie zone and flexible sole help it last through your toughest sessions.",Skate Shoes
Nike SB Nyjah 3,Skate Shoes,Light. Effortless. On point. The Nyjah 3 delivers the next iteration of the skate shoe that's as extraordinary as Nyjah. Zoom Air technology in the heel pairs with a honeycomb outsole that's grippy yet featherlight.,Skate Shoes
Nike SB Ishod Wair Premium,Skate Shoes,"When it came time to build his signature shoe, Ishod Wair was all in from start to finish. Infused with elements taken from the iconic hoops shoes of the '90s, (did you know that basketball was Ishod's 1st love?) and built with all the durability you need to skate hard—seriously, check out that new cupsole—the Nike SB Ishod Wair walks the line between original style and modern skate innovation.",Skate Shoes
Nike SB Dunk High Pro PRM,Skate Shoes,"Major league throwback = style that sticks. Celebrating timeless baseball kits and featuring ""gum"" on the Gum outsole, it delivers a dash of sport-inspired irreverence so you can rep your team in your favourite skate shoes.",Skate Shoes
Nike SB Zoom Blazer Low Pro GT,Skate Shoes,"Rebuilt using insights from Grant Taylor, the Nike SB Zoom Blazer Low Pro GT is a fresh take on a favourite skate shoe. The updated design has higher taping to give you more durability.",Skate Shoes
Nike SB Nyjah 3 PRM,Skate Shoes,Light. Effortless. On point. The Nyjah 3 delivers the next iteration of the tried-and-tested skate shoe. Incredible Zoom Air cushioning pairs with a honeycombed outsole that's grippy and featherlight so you can skate like the best.,Skate Shoes
Nike BRSB,Skate Shoes,"A familiar favourite is reborn in the Nike BRSB. Almost every detail, from the colour-blocking to the sawtooth pattern on the sole, was inspired by the original Nike Cortez. But, because this shoe is built for skate, we added extras where they're needed—like the rubber from the sole that wraps up and over the heel and toe for durability. It also wraps the sides, adding an extra layer to high-use areas, like the ollie zone.",Skate Shoes
Nike SB Ishod Wair,Skate Shoes,"When it came time to build his signature shoe, Ishod Wair was all-in from start to finish.Infused with elements taken from the iconic hoops shoes of the '90s, (did you know that basketball was Ishod's first love?) and built with all the durability you need to skate hard—seriously, check out that new cupsole—the Nike SB Ishod Wair walks the line between original style and modern skate innovation.",Skate Shoes
Nike SB Ishod Premium,Skate Shoes,"When it came time to build his signature shoe, Ishod Wair was all in from start to finish. Infused with elements taken from the iconic hoops shoes of the '90s (did you know basketball was Ishod's first love?), it walks the line between classic style and modern skate innovation. Plus, it's built with all the durability you need to skate hard—seriously, check out that new cupsole.",Skate Shoes
Nike SB Force 58 Premium,Skate Shoes,"The latest and greatest innovation to hit the streets, the Force 58 gives you the durability of a cupsole with the flexibility of vulcanised shoes. Hidden details (like the how-to guide on the sockliner) add a playful twist inspired by getting outside. To top it off, textile materials and throwback branding are reminiscent of your favourite '90s backpacks.",Skate Shoes
Nike SB Blazer Low Pro GT Premium,Skate Shoes,"Grant Taylor has been skating in the Nike SB Blazer since 2014. Fresh off the press, this new edition updates the look with all-over tree-print camo on durable canvas. Other insights from GT, like raised taping, create a fresh new look that's built to skate longer and better than ever.",Skate Shoes
Nike SB Zoom Blazer Mid Premium Plus,Skate Shoes,"The Zoom Blazer Mid is an iconic hoops shoe tailored to the needs of the modern skateboarder. Durable materials are paired with tacky rubber for grip and comfort that lasts. Hidden details (like the how-to guide on the sockliner) are inspired by getting outside, while textile accents and throwback branding nod to your favourite '90s backpacks.",Skate Shoes
Nike SB Zoom Nyjah 3,Skate Shoes,Light. Effortless. On point. The Nyjah 3 delivers the next iteration of the skate shoe that's as extraordinary as Nyjah. Zoom Air cushioning pairs with a honeycomb outsole that's grippy yet featherlight.,Skate Shoes
Nike SB Zoom Blazer Mid Premium,Skate Shoes,"The Nike SB Zoom Blazer Mid brings you a blank canvas to tell your story. The nearly all-white upper is ready for you to dye, colour or draw on. Lightweight cushioning adds comfort to the toughest skate sessions while the durable traction pattern helps you land big sets. We're looking forward to seeing what you create.",Skate Shoes
Nike SB Zoom Blazer Mid PRM,Skate Shoes,"The SB Zoom Blazer Mid PRM tailors iconic hoops style to the needs of the modern skater. Praised for its classic simplicity and comfort, it now uses an overspray dye method that is designed to waste less water. Plush mid-cut collar, tacky rubber for flexible grip and a durable design make it your no-brainer for long skate days.",Skate Shoes
Nike SB Ishod Wair PRM,Skate Shoes,"When it came time to build his signature shoe, Ishod Wair was all in from start to finish. Honouring his first love, basketball, he infused the design with elements taken from the iconic hoops shoes of the '90s. Built with all the durability you need to skate hard—seriously, check out that new cupsole—the Nike SB Ishod Wair walks the line between original style and modern skate innovation.",Skate Shoes
Nike SB Dunk High Pro,Skate Shoes,"The freedom of wearing nothing. Well, almost nothing. Minimal and lightweight, the SB Dunk High Pro brings you an immediate, broken-in sensation for incredible boardfeel. Its monochromatic upper adds a little PNW flair to your session, while all-over suede boosts its retro appeal. Speaking of appeal, the skate-specific outsole (now donning 8% Nike Grind material) adds exceptional grip and pairs with Zoom Air in the heel for the cushioning needed for big sets. Oh, and that exposed foam tongue with suede labelling adds the cherry on top.",Skate Shoes
Nike SB Zoom Blazer Mid Premium Plus,Skate Shoes,"Styled for the '70s. Loved in the '80s. Classic in the '90s. Ready for the future. The Zoom Blazer Mid delivers a timeless design that's easy to wear. The era-echoing upper blends a mix of materials that break in beautifully. Exposed foam on the tongue and a special midsole finish make it look like you've just pulled them from the history books. Go ahead, perfect your outfit.",Skate Shoes
Nike SB Ishod Premium,Skate Shoes,"When it came time to build his signature shoe, Ishod Wair was all-in from start to finish. Infused with elements taken from the iconic hoops shoes of the '90s (did you know basketball was Ishod's first love?), it walks the line between classic style and modern skate innovation. Plus, it's built with all the durability you need to skate hard—seriously, check out that new cupsole.",Skate Shoes
Nike SB Shane,Skate Shoes,"Shane O'Neill put the same attention to detail into every aspect of his signature shoe as he does in his almost-otherworldly skating. From the low-key perforated ventilation, to the double lacing option, to the no-break-in remastered sole—the Nike SB Shane gets all the details right.",Skate Shoes
Jordan Flight MVP,Men's Mesh Shorts,"Easy breezy. These classic mesh shorts are relaxed and breathable, with a big, retro-inspired Jumpman logo to keep your look fresh.",Shorts
Nike Sportswear,Men's T-Shirt,"Go ahead, add a burst of colour. This Nike tee is made from soft, lightweight cotton in a relaxed fit for casual, everyday comfort. The stylised Nike Futura logo printed on the chest brings a heavy dose of seasonal vibrancy to your look.",Men's T-Shirt
Nike,Men's T-Shirt,"We're proud to announce your admission to State University at Nike on a basketball scholarship. Our soft cotton tee has an easy, relaxed fit with the comfort that scores major points on and off the court. Welcome to the team!",Men's T-Shirt
Nike Dri-FIT Form,Men's 18cm (approx.) Unlined Versatile Shorts,"Designed for running, training and yoga, these versatile shorts are built to handle those days when you need to shake up your exercise routine. Our sweat-wicking Form Shorts offer a smooth feel and a minimal fit made to keep up with your moves, from tough dead lifts to sweaty hot yoga classes.",Shorts
Nike Dri-FIT Unlimited,Men's 18cm (approx.) 2-in-1 Versatile Shorts,"Designed for running, training and yoga, our sweat-wicking Unlimited Shorts were made to do it all. They're here for whatever your workout requires, with a smooth, stretchy outer layer that helps you stay free to move. A tight inner layer adds extra support during your routine. Plus, a hidden pocket lets you keep your phone close as you bring the heat to the gym or a run.",Shorts
Nike Circa,Men's 20cm (approx.) Basketball Shorts,The 1990s was an era when hoops reached new heights. We've looked back on those days with our Circa Shorts. They have an oversized fit with silky-soft fabric and a look inspired by the hard-court fashions of the era.,Shorts
Jordan x Honor The Gift®,Men's T-Shirt,"Jordan and Russell Westbrook's Honor The Gift® bring you an extra-roomy tee that honours two of the greatest. The graphics are inspired by Russell's coming of age in the inner city of Los Angeles, embodying the ethos of strength, focus and leadership.",Men's T-Shirt
Nike Club Fleece,Men's Woven Flow Shorts,"Pull on these comfy woven shorts and find your flow. They're made from cotton canvas for durable comfort, finished with a heavy wash to add soft texture and a bit of nostalgia to your look. A soft elastic waistband with an external drawcord helps you find the right fit so you can stay comfortable from sunrise til sunset.",Shorts
Nike Sportswear,Men's T-Shirt,"Made from soft, lightweight cotton in a relaxed fit, this Nike tee has a Futura logo printed on the chest, so you can bring that signature Nike style to any outfit.",Men's T-Shirt
Nike AeroSwift,Men's 5cm (approx.) Running Shorts,"The Nike AeroSwift Shorts keep you ready for your race.Lightweight and breathable, they have a convenient pocket for smaller items. This product is made from at least 75% recycled polyester fibres.",Shorts
NikeCourt Dri-FIT Advantage,Men's 18cm (approx.) Tennis Shorts,Experience next-level performance in the NikeCourt Dri-FIT Advantage Shorts. Not only are they made from incredibly stretchy fabric but they have elongated overlapping hem vents that are designed to give you ultimate side-to-side mobility—exactly what you need on the court. This product is made from at least 75% recycled polyester fibres.,Shorts
Nike Sportswear JDI,Men's T-Shirt,"The Nike Sportswear JDI T-Shirt sets you up with soft jersey fabric and a ""Just Do It."" logo across the chest.",Men's T-Shirt
Nike Pro Dri-FIT,Men's Shorts,"Much more than a base layer, the Nike Pro Dri-FIT Shorts hug you with lightweight fabric that keeps you feeling dry, cool and supported from warm-ups through to cool-downs. They're made from at least 75% recycled polyester fibres in a stretchy design that helps you move at full intensity during your toughest workouts or competitions.",Shorts
Jordan Jumpman,Men's T-Shirt,"Rise above the ordinary. This light and soft tee is upgraded with sweat-wicking tech, keeping you fresh through all your workouts and hangouts.",Men's T-Shirt
Air Jordan Wordmark,Men's Fleece Shorts,"Your favourite shorts have some new competition. Made from soft, heavyweight fleece, this pair looks classic but feels luxe. An all-over wash effect adds a perfectly faded vintage aesthetic.",Shorts
Jordan x TITAN,Men's T-Shirt,"Comfortable, casual and reppin' the premiere basketball concept store in the Philippines—what else could you need? The graphic on this soft Jordan x TITAN tee celebrates Filipino basketball heritage while an all-over wash effect gives the look of perfectly faded vintage.",Men's T-Shirt
Nike Dri-FIT Repel,Women's Mid-Rise 8cm (approx.) Brief-Lined Trail Running Shorts with Pockets,"Journey off the beaten path on runs of all lengths in these water-repellent shorts. Using insights from trail runners, we added plenty of storage options for snacks, keys and even a place to hang your top when you need to shed a layer.",Shorts
Nike Pro 365,Women's 13cm (approx.) Shorts,"The Nike Pro 365 Shorts wrap you in stretchy fabric featuring Dri-FIT Technology, to keep you feeling supported and dry during intense workouts. This product is made from at least 50% recycled polyester fibres.",Shorts
Nike Flex Essential 2-in-1,Women's Training Shorts,"The Nike Flex Essential 2-in-1 Shorts have a tight, stretchy base layer underneath a loose, woven outer layer. They give you plenty of flexibility and have sweat-wicking technology to keep you dry and comfortable.",Shorts
Nike Swoosh,Women's Brief-Lined Running Shorts,"These shorts are the ones that are ready to go wherever your run takes you. Their silky-smooth, ultra-soft woven fabric is balanced with sweat-wicking tech so you have ultimate comfort while feeling dry as your miles tick by.",Shorts
Nike Air Force 1 '07,Women's Shoes,"You'll score major points in this legendary classic. Crossing hardwood comfort with off-court flair, this hoops original pairs crisp leather with playful paisley-print accents for nothing-but-net style. Plus, hidden Nike Air units and durable '80s construction add the comfort you've come to expect from the AF-1.",Women's Shoes
Nike Air Force 1 '07 LX,Women's Shoes,"In sneaker history, few styles last. Only 1 transcends every era—the Nike Air Force 1 '07 LX. Celebrate perfection with the b-ball original that delivers what you know best: woven fabric, bold details and some extra flash to keep you shining.",Women's Shoes
Nike Air Force 1 PLT.AF.ORM LV8,Women's Shoes,"You have to look closely at these unique kicks to find what makes us smile. With leather that ages to soft perfection, a sculpted collar and soft foam underfoot, the PLT.AF.ORM LV8 lets classic, easy-to-wear AF-1 style rise to new heights. Its elegantly shaped and lifted midsole delivers a proud, fresh look to the hoops franchise while pops of colour and subtle smiley face details keep your every step happy.",Women's Shoes
Nike AF-1 Shadow,Women's Shoes,"Exaggerated, double overlays make the Nike AF-1 Shadow double the fun. The bold, playful design has reflective-design details and a comfy foam midsole.",Women's Shoes
Nike Air Force 1 '07,Women's Shoes,"The radiance lives on with the b-ball original. Crossing hardwood comfort with off-court flair, it puts a fresh spin on what you know best: era-echoing, '80s construction, bold details and nothin'-but-net style.",Women's Shoes
Air Jordan 1 Mid,Women's Shoes,"The Air Jordan 1 Mid brings full-court style and premium comfort to an iconic look. Its Air-Sole unit cushions play on the hardwood, while the padded collar gives you a supportive feel.",Women's Shoes
Air Jordan 1 Mid SE,Women's Shoes,"This AJ1 is all about love. Self-love, love of the game, love for life—whatever the L-word evokes for you, this foray into floral footwear symbolises the passions that push you forwards. Want to get in the weeds? Just open the box: special-edition packaging names every flower in the bouquet, plus their hidden meanings. Or you can tear past the paper and let the beauty of the blooms gracing the collar and keepsake hang tag speak for themselves. Either way, you (and the whole world) are going to fall in love with your look.",Women's Shoes
Nike Air Max Bliss SE,Women's Shoes,"Intertwining functionality with fashion, the Air Max Bliss lets you bring chic style outdoors. From rustic colours to desert-inspired textures (including faux snakeskin), it delivers the perfect amount of wild. 2-tone laces nod to traditional hiking boots, while the plush design pairs soft cushioning with pillowy padding around the ankle. Where will your adventure take you?",Women's Shoes
Nike Waffle Debut Vintage,Women's Shoes,"We've got a secret: these retro kicks are brand spanking new. Done in fluffy suede and airy textile, they deliver era-echoing, '70s style with modern comfort. An updated wedge midsole gives the cushioning a serious boost, while maintaining the iconic Waffle outsole you know and love.",Women's Shoes
Nike Waffle Debut,Women's Shoes,"Retro gets modernised with these sleek sneakers inspired by the Nike Daybreak. Era-echoing suede and nylon are paired in complementary colours, and the updated wedge midsole gives you an extra lift. Style, comfort, iconic Waffle outsole—this is a perfect new addition to your daily rotation.",Women's Shoes
Air Jordan 1 Elevate Low,Women's Shoes,"Rise to the occasion in style that soars. This shoe reworks an icon's original magic with a platform sole and low-cut silhouette. Air cushioning keeps you lifted, and sleek leather in contrasting colours adds visual interest.",Women's Shoes
Nike Air Max 97,Women's Shoes,"Let your style unfold in the Air Max 97, initially inspired by micromachine transformers. Taking the revolutionary full-length Nike Air cushioning that shook up the running world and adding fresh materials, it lets you ride in first-class comfort.",Women's Shoes
Nike Air Force 1 '07 Next Nature,Women's Shoes,"No foul, all play. Made from at least 20% recycled materials by weight, the original that wrote sneaker history gets updated with synthetic leather.",Women's Shoes
Nike Air Force 1 Shadow,Women's Shoes,"The Nike Air Force 1 Shadow puts a playful twist on a classic b-ball design.Using a layered approach, doubling the branding and exaggerating the midsole, it highlights AF-1 DNA with a bold, new look.",Women's Shoes
Nike Air Force 1 PLT.AF.ORM,Women's Shoes,"Let classic, easy-to-wear AF-1 style rise to the occasion with the Nike Air Force 1 PLT.AF.ORM. Its elegantly shaped and lifted midsole delivers a proud, new voice to the hoops franchise. The leather on the upper breaks in easily and ages to soft perfection while the sculpted collar and pillowy heel keep it comfy. Captivate your audience.",Women's Shoes
Nike Dunk Low Disrupt 2,Women's Shoes,"Re-imagining the hoops icon through a lens of self-expression, the Dunk Low Disrupt 2 bridges tried-and-tested style with a customisable design. Double eyestays pair with an offset bottom eyelet (and an extra set of laces) for a unique twist that lets you personalise your look, while its playful layering and rich textures energise every step.",Women's Shoes
Nike Air Max 90 SE,Women's Shoes,"Nothing as fly, nothing as comfortable, nothing as proven. The Nike Air Max 90 stays true to its roots with its iconic Waffle outsole, durable stitched overlays and classic plastic accents. A mix of blue, grey and silver adds a touch of sporty retro style to this special edition while visible Max Air keeps the comfortable cushioning you love.",Women's Shoes
Air Jordan 1 Retro High OG,Women's Shoes,"Game on! Inspired by MJ's school days, this energetic colourway brings A+ energy to the streets. Bold bursts of Game Royal and Varsity Maize let you join the team in style, while subtly weathered leather ups the vintage appeal. Crafted details, like the woven tongue label, hang tag and Wings logo, add a premium boost to any outfit. And the finishing touch? Nike Air cushioning underfoot lets you keep pace, so nothing holds you back from showing off your legendary look.",Women's Shoes
Nike Dunk High Premium,Women's Shoes,"No wardrobe is complete without aged and weathered leather. Bridging vintage style with hoops DNA, the '80s b-ball icon returns with premium leather that's been perfectly softened for a timeless look. Natural variations in the upper (don't worry, they're still ready for everyday wear) make it look like you've been styling them for years, while giving your kicks an elevated feel. Oh, and the plush, high-top collar lets you take your game anywhere—in comfort.",Women's Shoes
Nike Dunk Low,Women's Shoes,Love is simple—and this uplifting Valentine's Day take on the Dunk Low keeps it uncomplicated. The silky-smooth leather overlays and richly textured leather underlays add a luxe sensation that's easy to fall for while the super-wearable colours keep you coming back to 'em again and again. And that little yellow heart on the heel? Let's just say first impressions matter and this one's gonna leave a smile.,Women's Shoes
Air Jordan 1 Elevate High,Women's Shoes,"Classic Jordan style reaches new heights in this lifted AJ-1. The platform stance and high-top collar make a statement, while crisp leather and flashy finishes make these kicks the winning assist your outfit needs. For added flex, the puffy, stitched-on Wings ""logo"" delivers big (and just wait until you feel the ultra-comfortable Air cushioning underfoot). Go ahead, elevate your game.",Women's Shoes
Air Jordan 1 Zoom CMFT 2 'Valentines Day',Women's Shoes,"Any time, anywhere, spread the love with some new Js this Valentines Day. From words of affirmation ('Damn, those look good!') to feelings of pure on-foot bliss (check out the lush velvet accents and springy Nike Zoom Air cushioning), these kicks know all the ways to make your heart go pitter-patter. The recessed Swoosh and updated collar bring a sweet look and feel to the classic design, and the richly textured leather is more decadent than a box of chocolates. Love yourself first—that's all we're saying.",Women's Shoes
Nike Air Max SC SE,Women's Shoes,"Intertwining functionality with fashion, the Air Max SC SE lets you bring chic style outdoors. From rustic colours to desert-inspired textures (including faux snakeskin), it delivers the perfect amount of wild. Textured laces nod to traditional hiking boots, while the Waffle outsole and visible Nike Air keep the coveted '80s look you love. Where will your adventure take you?",Women's Shoes
Nike Air Max 90 AMD,Women's Shoes,"Intertwining functionality with fashion, we're honouring Air Max Month with an AM90 inspired by the outdoors. From rustic colours to desert-inspired textures (including faux snakeskin), it delivers the perfect amount of wild. 2-tone laces nod to traditional hiking boots, while the Waffle outsole and visible Nike Air keep the coveted '90s look you love. Where will your adventure take you?",Women's Shoes
Air Jordan 1 Mid SE,Women's Shoes,"With these mid-top AJ-1s, you don't have to choose a favourite colour. Contrasting panels make these sneaks stand out, proving that every side is your good side. Durable leather up top and Air cushioning underfoot make 'em perfect for all-day wear—so lace up, and let the complements roll in.",Women's Shoes
Air Jordan 1 Mid SE,Women's Shoes,"'Tis the season for festive-inspired Js, and this pair takes its cues from a classic Christmas tree—the Blue Spruce. Rich-grain leather and woven fabrics will elevate any streetwear outfit, while a buttery-soft interior and Air in the heel add soft comforts.",Women's Shoes
Nike Air Force 1 Low x UNDEFEATED,Men's Shoes,"Rich patent leather and dazzling colours come together in a way only Nike and UNDEFEATED could. From the orange Swoosh to the nearly neon-pink toe—no 2 panels are alike. An orange and red woven tongue label serves as a nod to an early UNDEFEATED release, while the printed sockliner provides a hidden detail. With kicks like this on your feet, how can you not steal the show?",Men's Shoes
Nike Culture of Basketball,Older Kids' Reversible Basketball Shorts,"Hurry up and get your squad together ASAP! Team up and match with your best friends on the court in these mesh Nike Basketball shorts. What we love most: they're reversible, so you can change your team colours any time you like. We're ready to play, are you?",Shorts
Nike Dri-FIT,Older Kids' (Boys') Basketball Shorts,"Want shorts that will keep up with your crossovers and stepback jumpers? The Nike Dri-FIT Shorts let you do it all on the court without getting in your way. This lightweight, loose style is powered by sweat-wicking technology so you can go all out with confidence.",Shorts
Nike,Older Kids' (Boys') Printed Training Shorts,"Make training and playtime even more exciting whenever you pull on these Nike shorts. Made from fabric that will help you stay cool, you'll feel confident and ready to play—whether it's tig with your buddies or working on your skills at the park.",Shorts
Nike Sportswear,Older Kids' (Boys') Woven Shorts,Shorts for playtime—or all the time! The Nike Sportswear Shorts are made from lightweight woven fabric that's versatile enough to go with all your favourite tees and tops.,Shorts
Nike Sportswear,Older Kids' T-Shirt,"Proof that a classic can still be awesome. The Nike Sportswear tee is a staple in your weekly rotation, and the question is: how many colours do you want it in?",Older Kids' T-Shirt
Nike Trophy,Older Kids' (Boys') Training Shorts,"Whether it's climbing trees, racing around the playground or riding your bike, these Nike shorts are made for all your activities. Made from fabric that'll help you stay dry and cool, there are no limits when it's time to play.",Shorts
Nike Sportswear,Older Kids' T-Shirt,"We got inspired by kid artists like you in creating this Nike tee. Fun and colourful, you'll want to wear this anywhere and everywhere. And oh, oh! Check out the name tag on the bottom. Be creative—write your name with pens, markers, whatever you like. We wanna see your artsy side come out.",Older Kids' T-Shirt
Nike Sportswear Club Fleece,Older Kids' Shorts,The Nike Sportswear Club Shorts are made from soft fleece for lightweight comfort. A large logo shows everyone who you're repping.,Shorts
Nike Dri-FIT,Older Kids' Football Shorts,"Whether you're taking up football for the first time or are already a serious player, gear up in confidence with the Nike Dri-FIT shorts. Their breathable fabric wicks sweat away from your skin while you run, dribble and shoot. From team training to working on your skills in the back garden, these shorts are ideal for whenever football comes calling.",Shorts
Kylian Mbappé,Older Kids' Dri-FIT Football Shorts,"Play fast and relentless like superstar forward Kylian Mbappé. Made from lightweight, sweat-wicking fabric, these football shorts help you stay cool and confident when you're looking to score.",Shorts
Nike Dri-FIT Trophy23,Older Kids' Training Shorts,"Whether you're dreaming of playing at the next level or a beginner learning the sport, the Nike Trophy23 shorts get you geared up for the game. Super-breathable fabric that wicks sweat away helps you stay cool and confident while honing your skills.",Shorts
CR7,Older Kids' Football Shorts,"Cristiano Ronaldo is one of the greatest footballers ever. Period. Feel like the legend himself with the CR7 football shorts. Made from sweat-wicking fabric, they help you stay dry and cool while you practise your skills and shoot at the goal. Plus, the colourful print is inspired by tile work found in Ronaldo's home country of Portugal.",Shorts
CR7,Older Kids' Football Shorts,"Cristiano Ronaldo = LEGEND. Rep one of the greatest footballers today with the CR7 football shorts. Made from fabric designed to keep you focused on the ball, they'll help you stay dry while you warm up on the pitch, practise your skills and learn the game you love.",Shorts
Nike Dri-FIT One,Older Kids' (Girls') Bike Shorts,"Whether you're riding your bike around the block or just hanging out with friends, our Nike Dri-FIT One Bike Shorts are made for anything. Sweat doesn't stand a chance thanks to their stretchy, body-hugging fabric. Wear them solo or under your favourite skirts and dresses—the possibilities are endless with our most versatile shorts yet!",Shorts
Nike Dri-FIT One,Older Kids' (Girls') High-waisted Woven Training Shorts,"Running for fun. Running for sport. Running to just stretch those legs out after a long day at school. These Nike Dri-FIT One shorts are made for your every stride. They're lightweight and durable, plus have breathable lining so staying comfy is never a worry.",Shorts
Nike Dri-FIT One,Older Kids' (Girls') Biker Shorts,"They may say biker shorts by name, but they can do so much more. Part of our Nike One collection, they're meant to be super-versatile—meaning you can practise your favourite sport, or just play in general! Also, you can wear them alone or under your best game shorts. Stretchy fabric hugs your body and helps keep sweat away with every move.",Shorts
Nike Dri-FIT Academy,Older Kids' Knit Football Shorts,"The Nike Dri-FIT Academy Shorts are made from soft, sweat-wicking fabric to help keep you dry when the game heats up. This product is made from 100% recycled polyester fibres.",Shorts
Nike ACG,Older Kids' T-Shirt,"Psst! Let's go and find that hidden treasure! Use the map on this tee to spark your imagination. It's the perfect adventure partner for stomping through the park, crossing over the playground and cutting through the woods. When you're done, let's try another path to find where X marks the spot.",Older Kids' T-Shirt
Nike Sportswear,Older Kids' T-Shirt,"What's better than 1 Swoosh? 2! But oh, what's better than 2? 3, of course! Rock the triple Swoosh on this Nike cotton tee you can wear anywhere on any day.",Older Kids' T-Shirt
Nike Sportswear,Older Kids' T-Shirt,Motivate. Inspire. Be creative. JUST DO IT. Rock the motto everyone knows on your classic Nike tee.,Older Kids' T-Shirt
Nike Pro,Older Kids' (Girls') 8cm (approx.) Shorts,"Play and feel like your favourite athlete when you pull on the Nike Pro shorts. Stretchy cool fabric hugs your body, so you can feel confident wherever you rock them—from the courts to the outdoor fields. They're versatile too, so you can wear them alone or underneath your game shorts.",Shorts
Nike Sportswear,Older Kids' T-Shirt,Need proof that a classic is still 100% awesome? Look no further. This tee is stamped with Swoosh approval.,Older Kids' T-Shirt
Nike Sportswear,Older Kids' (Girls') High-Rise 23cm (approx.) Bike Shorts,The Nike Sportswear Bike Shorts are stretch-tastic and destined to be your new favourite. Soft jersey fabric in a high-waisted design feels comfy any time.,Shorts
Nike Air,Older Kids' French Terry Shorts,"Hooray, shorts season is here! Part of our seasonal Nike Air collection, these shorts are made from soft French terry that makes them a go-to when the warm weather hits. Comfy to run and play in all day, they'll instantly become part of your rotation.",Shorts
Nike Dri-FIT Breezy,Older Kids' (Girls') High-Waisted Training Shorts,"Gear up for training. Play tag with your BFFs. Or just do your favourite outdoor activity. The Nike Breezy shorts can help you do it all. Lightweight fabric helps you stay cool. The high-waisted design is versatile for your needs—wear them as-is, or roll the band up or down for the fit that's best for you. Plus, pair with a regular or crop top while you move.",Shorts
Nike Sportswear,Older Kids' T-Shirt,"Made for nature lovers and fans of Nike Air, this soft cotton tee is the best of both worlds.",Older Kids' T-Shirt
Nike Air,Older Kids' T-Shirt,"Made for all-day play, this tee is all about the A-I-R. Soft cotton keeps playtime comfy, no matter where you are.",Older Kids' T-Shirt
Nike Sportswear A.I.R.,Older Kids' T-Shirt,"Nike's Artist in Residence (A.I.R.) programme remakes your everyday favourites to wear from school to the playground and everywhere in between. For this edition, we teamed up with Chicago-based artist Cody Hudson, who remixed our logo in an abstract digital nature style on the everyday Nike tee. Made from soft organic cotton, it's time to up your T-shirt game.",Older Kids' T-Shirt
Jordan Jumpman,Men's T-Shirt,"Soar out the door in the Jordan Jumpman T-Shirt.It's made from soft, comfortable fabric with an easy and relaxed fit.",Men's T-Shirt
Nike Challenger,Older Kids' (Boys') Training Shorts,"The Nike Challenger Shorts are your new go-to for running, playing and everything in between. This lightweight design is geared up with three pockets, including a top secret one at the back, for your on-the-go must-haves. This product is made from at least 75% recycled polyester fibres.",Shorts
Jordan Sport Dri-FIT,Men's Mesh Shorts,"The Jordan Sport Dri-FIT Shorts strike a balance between performance and street style. Made from sweat-wicking fabric, they're light, loose and breathable to help you stay cool and comfortable.",Shorts
Nike Sportswear,Men's T-Shirt,"Made from soft, lightweight cotton fabric in a relaxed fit for casual, everyday wear, this classic tee lets you rep the iconic look of the sneaker gnome.",Men's T-Shirt
Nike Sportswear Air,Men's T-Shirt,This lightweight cotton tee feels soft and smooth on your skin. Printed Nike Air graphics on the chest celebrate our game-changing sneaker technology.,Men's T-Shirt
Nike Sportswear Air,Men's T-Shirt,This lightweight cotton tee feels soft and smooth on your skin while printed Nike Air graphics on the chest celebrate one of the most iconic franchises in the world.,Men's T-Shirt
Nike Sportswear,Older Kids' (Girls') Shorts,"Easy, soft and comfy—the Nike Sportswear Shorts are ready for whatever adventures you have planned. A drawcord in the waistband to help keep them snug, you might never want to take these off.",Shorts
Nike Dri-FIT 10K Icon Clash,Women's Running Shorts,"Perfect for your daily run or the big race, the Nike 10K Shorts are made from lightweight, sweat-wicking fabric to keep you dry over any distance. Mesh panels with hem vents help the air circulate while an adjustable waistband adds support as you go after your miles.",Shorts
Nike Dri-FIT Swoosh Run,Women's Running Shorts,"Kick it retro style and hit your goals in these running shorts. Whether you're jumping hurdles or running a marathon, the sweat-wicking fabric and inner brief liner are there to support you. Plus, a small internal pocket helps you keep a snack or card close.",Shorts
Jordan 'Why Not?',Men's T-Shirt,"For a game like Russell Westbrook's, you have to own every emotion. This soft cotton tee keeps you covered in comfort so you can focus on the action.",Men's T-Shirt
Nike Dri-FIT,"Men's 9"" (23cm approx.) Woven Graphic Fitness Shorts","Push through your limit during high-intensity training with these Dri-FIT Shorts. Flexible fabric stretches with your every move, letting you lift, pull and push freely. A modernised Swoosh graphic gets you mentally ready to take your workout to new horizons.",Shorts
Nike ACG,Men's T-Shirt,"Breathe in that fresh air with this spacious, soft tee. It feels like a classic, with a slightly baggy fit. And when you're out enjoying the great outdoors, the lung-shaped graphic reminds you to stop, breathe and take in the scenery. This product is made from 100% sustainable materials, using a blend of both recycled polyester and organic cotton fibres. The blend is at least 10% recycled fibres or at least 10% organic cotton fibres.",Men's T-Shirt
Nike Sportswear,Men's T-Shirt,"Meet your next favourite tee. Made from soft cotton fabric in a classic fit, it's an easy pick for everyday wear. Sporty, retro-inspired graphics add heritage style that pairs with almost anything.",Men's T-Shirt
Jordan Delta 3 Low,Men's Shoes,"Cool and comfortable: are there any better ingredients for everyday kicks? These shoes are made from airy Ripstop, soft synthetic suede and a seamless interior. And that adds up to a classic low-top look with the premium comfort you expect from Jordan Brand.",Men's Shoes
Nike Air Force 1 Sculpt,Women's Shoes,The Nike Air Force 1 High Sculpt checks all your boxes. The sculpted collar and removed ankle strap streamline the iconic hoops look. Soft and slightly textured leather gives a premium touch that breaks in beautifully.,Women's Shoes
Nike Dunk High 70,Women's Shoes,"Created for the hardwood but taken to the streets, the '80s b-ball icon returns with classic details and throwback hoops flair. Its crisp leather upper, metal accents and padded, high-top collar let you take your game anywhere—in comfort.",Women's Shoes
Nike React Revision,Women's Shoes,"You could run to the office, the shops and to the party. Or walk because you know exactly which shoes you're gonna wear. The React Revision is all about easy styling and getting going. From the comfort collar to the lightweight, durable Nike React cushioning, it's a revolution in choice-making.",Women's Shoes
Nike Blazer Low '77,Women's Shoes,"Praised by the streets for its simplicity and comfort, the Blazer returns with its classic hoops style. Featuring crisp leather, a low-cut collar and an exposed tongue, it's a must-have wardrobe staple.",Women's Shoes
Jordan Delta 3 Low SP,Women's Shoes,"Play hard, look good, speak your truth. Celebrating the power of unity with a dose of Parisian flair, these shoes showcase the multiverse of what it means to be ""woman"". Super-plush comfort and an adventurous mix of materials come together for a look that kicks stereotypes to the kerb. The pattern on the laces was created for the Jordan Women's Paris Collective apparel collection, honouring the community leaders at the heart of the designs.",Women's Shoes
Air Jordan 2 Retro Low SP,Men's Shoes,"Spread the love. Tell the stories. Step into greatness. Our collab with South Africa's leading sneaker and streetwear shop Shelflife is a fresh take on the AJ2, grounding you to the spirit of TEAM ONLY (just check out the back of the tongue). Rooted to Shelflife's graffiti and street art origins, the design serves blank canvas symbolism with its neutral upper. Bright accents boost the energy while insole graphics—a collage of signatures and autographs from the Shelflife community—evoke the company's ethos: ""It's only through our team that we become who we are"".",Men's Shoes
Nike Sportswear Sport Shine,Women's Mid-Rise Bike Shorts,"There's no pedalling required to enjoy these snug, stretchy shorts. Like your favourite leggings (and made from the same fabric as them), they're a perfect fit for warmer weather.",Shorts
Jordan Dri-FIT Sport,Women's Shorts,"These stretchy shorts are your next go-to. Sleek design lines nod to the iconic Wings kit, while mesh siding provides ventilation where you need it. Meanwhile, Dri-FIT sweat-wicking tech will keep you fresh from the court to the couch.",Shorts
Nike Air Max 90 SE,Men's Shoes,"Step into the history books. These special-edition kicks pay homage to Frank Rudy, the man who created the coveted cornerstone of cushioning—Air. From the see-through 'Air pocket' heel logo to ""Est. 1990"" proudly stamped on the Air unit, celebrate Frank's legacy with fun details that deliver a lesson in comfort.",Men's Shoes
Nike Fly Crossover,Women's Basketball Shorts,"It's your game, and there's never been a better time to play. Made from at least 75% recycled polyester, these shorts are wider at the legs and hips, with a secure and comfortable waist and an optimal inseam length.",Shorts
Jordan Series .05 SE Low,Women's Shoes,Stunt the whole way from point A to point B in low-tops inspired by MJ's origins. Shiny velvet overlays and zigzag stitching will keep eyes on you as you criss-cross all over town. Thick and lustrous laces ensure that you'll stand out in the crowd—so get ready for the compliments to roll in.,Women's Shoes
Air Jordan 1 Low,Women's Shoes,"Always in, always fresh. The Air Jordan 1 Low sets you up with a piece of Jordan history and heritage that's comfortable all day. Choose your colours, then step out in the iconic profile that's built with a high-end mix of materials and encapsulated Air in the heel.",Women's Shoes
Nike Air Max Terrascape 97,Men's Shoes,"Looking to nature for inspiration, the Nike Air Max Terrascape 97 lets you push your style full speed ahead. Made from at least 20% recycled materials by weight, nearly every detail is thoughtfully crafted with some recycled content. Upping the ante, durable foam in the midsole and rubber on the outsole feature speckled Nike Grind for a playful, earthy look.",Men's Shoes
Nike Air Max 97,Men's Shoes,"Step into the history books. These special-edition kicks pay homage to Frank Rudy, the man who created the coveted cornerstone of cushioning—Air. From the see-through ""Air pocket"" heel logo to ""Est. 1997"" proudly stamped on the Air unit, celebrate Frank's legacy with fun details that deliver a lesson in comfort.",Men's Shoes
Nike Dri-FIT Run Division Tempo Luxe,Women's Running Shorts,"With soft, lightweight fabric and plenty of stretch, these shorts are ready to help you channel raw energy into your run. Airy panels are paired with sweat-wicking tech to help keep you dry as you fly through your route.",Shorts
Nike Air,Women's Running Shorts,Rise and shine and feel confident to tackle your run in these sweat-wicking shorts. Reflective design elements help light up your route while a bungee at the waist lets you adjust the fit on the go.,Shorts
Nike Fly,Women's Crossover Basketball Shorts,"Sometimes you have to dig a little to fly high. From free throws to 3-pointers, dare to defy gravity on the court in these relaxed, geode-print crossover shorts. With lightweight, cooling mesh, you won't have to worry about sweat while you and your team chase your hoop dreams.",Shorts
Nike Blazer Mid '77 ESS,Women's Shoes,"Styled for the '70s. Loved in the '80s. Classic in the '90s. Ready for the future. The Nike Blazer Mid delivers a timeless design that's easy to wear. The era-echoing upper breaks in beautifully and is paired with bold retro branding for a premium feel. Foam tongue and a special midsole finish make it look like you've just pulled them from the history books. Go ahead, perfect your outfit.",Women's Shoes
Nike Yoga Dri-FIT ADV,Women's High-Rise 18cm (approx.) Shorts,"Enjoy the soft, breathable experience of the Nike Yoga Dri-FIT ADV Shorts. They're designed to create the right amount of shape and stretch, giving you support and comfort through your practice. A swirling mix of geometric lines hugs you while you twist, bend and reach through your session. This product is made from at least 50% recycled polyester fibres.",Shorts
